지점명,주소,전화번호,지점의특징,시군구
강남우성,서울 강남구 강남대로66길 6,02-553-5232,업무지구,강남구
강남역,서울 강남구 강남대로96길 12,02-557-4727,업무지구,강남구
포이사거리,서울 강남구 논현로 84 1층,02-522-5777,업무지구,강남구
대치,서울 강남구 도곡로 447,02-562-8882,업무지구,강남구
신사,서울 강남구 도산대로 124 대영빌딩,02-546-2007,업무지구,강남구
수서역,서울 강남구 밤고개로 1길 10 B1,02-445-1636,업무지구,강남구
언주역,서울 강남구 봉은사로 206 대명빌딩,02-557-8805,업무지구,강남구
선정릉역,서울 강남구 봉은사로 328,02-555-9389,업무지구,강남구
삼성중앙역,서울 강남구 봉은사로 480,02-555-0696,업무지구,강남구
봉은사역,서울 강남구 봉은사로 627,02-545-5729,업무지구,강남구
삼성,서울 강남구 삼성로 520,02-2051-2008,업무지구,강남구
압구정로데오,서울 강남구 선릉로 806,02-545-1014,업무지구,강남구
압구정역,서울 강남구 압구정로 28길 13,02-548-1014,업무지구,강남구
대청,서울 강남구 일원로3길 4,02-459-7975,업무지구,강남구
역삼,서울 강남구 테헤란로 25길 20,02-501-1554,업무지구,강남구
테헤란로,서울 강남구 테헤란로 314 지하1층,02-555-1014,업무지구,강남구
선릉,서울 강남구 테헤란로 337,02-557-5004,업무지구,강남구
학동역,서울 강남구 학동로 171,02-515-1014,업무지구,강남구
고덕비즈밸리,서울 강동구 고덕비즈밸리로 38,02-442-0696,주거,강동구
고덕역,서울 강동구 동남로 75길 13-10,02-427-0217,주거,강동구
상일동,서울 강동구 상일로6길 21,070-8800-0217,주거,강동구
강동성심병원,서울 강동구 성안로 147 1층,02-476-1131,주거,강동구
길동역,"서울 강동구 양재대로 1471 길동 1층 103,110호",02-470-6032,주거,강동구
명일역,서울 강동구 양재대로 1625,02-477-5141,주거,강동구
천호,서울 강동구 올림픽로 664,02-485-1077,주거,강동구
천호역,서울 강동구 천호대로 1012,02-483-1079,주거,강동구
미아역,서울 강북구 도봉로 209,02-946-1596,주거,강북구
미아사거리역,서울 강북구 도봉로 41-1,02-988-1641,주거,강북구
삼양솔샘,서울 강북구 삼양로 162,02-6952-3399,주거,강북구
수유역,서울 강북구 오패산로 417,02-998-1641,주거,강북구
화곡역,서울 강서구 강서로 159-1,02-2603-5353,주거,강서구
양천향교역,"서울 강서구 강서로 471 엠코지니어스타 A동 1층 109, 110호",02-3662-6697,주거,강서구
목동사거리,서울 강서구 등촌로 23,070-8877-2543,주거,강서구
마곡나루역,서울 강서구 마곡서로 152,02-6989-9840,주거,강서구
발산역,서울 강서구 마곡중앙6로 93,02-3663-6837,주거,강서구
가양역,"서울 강서구 양천로 470 1층 102(일부), 103,106호",02-2668-6777,주거,강서구
증미역,서울 강서구 양천로 570,02-2013-5678,주거,강서구
서울대,서울 관악구 관악로 156,02-887-6887,대학상권,관악구
낙성대역,서울 관악구 남부순환로 1904,02-877-6687,대학상권,관악구
신림,서울 관악구 신림로 318,02-888-8884,주거,관악구
신림역,서울 관악구 신림로 344 SK허브그린,02-888-4455,주거,관악구
강변역,서울 광진구 강변역로4길 10,02-446-0423,주거,광진구
세종대,서울 광진구 광나루로 390,02-465-3285,대학상권,광진구
군자역,서울 광진구 능동로 290 삼일빌딩,02-456-6444,주거,광진구
뚝섬유원지역,"서울 광진구 뚝섬로34길 67 광진트라팰리스 101호, 102호",02-467-4556,주거,광진구
건대입구,서울 광진구 아차산로 241 연한빌딩 102호,02-499-9292,주거,광진구
광장,서울 광진구 아차산로 480,02-455-2224,주거,광진구
구의,서울 광진구 자양로 113 구의현대하이엘 1층,02-446-6444,주거,광진구
중곡역,서울 광진구 중곡동 30-80,02-456-9665,주거,광진구
아차산역,서울 광진구 천호대로 666,02-455-5440,주거,광진구
동양미래대,서울 구로구 경인로 445 동양미래대 8호관,02-2686-6890,대학상권,구로구
신도림,서울 구로구 경인로 661 1층 101호,02-2068-0269,업무지구,구로구
오류동역,서울 구로구 경인로20길 4,02-6368-3535,업무지구,구로구
구로NC,서울 구로구 구로중앙로 152,02-6923-2155,업무지구,구로구
구로디지털,서울 구로구 디지털로34길 55 코오롱싸이언스밸리 2차 109호,02-2088-7279,업무지구,구로구
가산디지털단지,서울 금천구 가산디지털1로 165 가산비지니스센터 102호,02-1544-1852,업무지구,금천구
가산그레이트밸리,서울 금천구 디지털로9길 32,02-866-7119,업무지구,금천구
시흥,서울 금천구 시흥대로 224 금천리메인시티 1층,02-805-2346,업무지구,금천구
독산,서울 금천구 시흥대로 399 112호,02-803-2346,업무지구,금천구
공릉,서울 노원구 공릉로 207,02-977-0045,주거,노원구
광운대역,서울 노원구 광운로 57,02-942-7779,대학상권,노원구
노원,서울 노원구 노해로 502 노원빌딩 1층,02-936-0501,주거,노원구
수락산역,서울 노원구 동일로 1669,02-2135-2535,주거,노원구
중계은행사거리,서울 노원구 한글비석로 269,02-952-2266,주거,노원구
쌍문역,"서울 도봉구 도봉로 468 1층 102호, 102-1호",02-999-5906,주거,도봉구
방학역,서울 도봉구 도봉로 684,02-956-1237,주거,도봉구
창동역,서울 도봉구 마들로13길 61,02-6958-7081,주거,도봉구
덕성여대,서울 도봉구 삼양로 538,02-6369-1990,대학상권,도봉구
경희대,서울 동대문구 경희대로 5-1,02-957-1589,대학상권,동대문구
장안사거리,서울 동대문구 답십리로 293,02-3390-4970,주거,동대문구
서울시립대학교,서울 동대문구 서울립대로 163,02-6490-5866,대학상권,동대문구
신설동역,서울 동대문구 왕산로 15-1,02-928-0258,주거,동대문구
청량리역사,서울 동대문구 왕산로 214,02-3707-1367,주거,동대문구
외대,서울 동대문구 이문로 116 그레이스 힐 타운,070-4137-7702,대학상권,동대문구
노량진역,서울 동작구 노량진로 152-1,Coming Soon,주거,동작구
이수역,서울 동작구 동작대로 119-1,02-599-1014,주거,동작구
보라매,서울 동작구 보라매로3길 29 해태보라매타워,02-832-2522,주거,동작구
숭실대,서울 동작구 사당로 10 지층 101호,02-812-3552,대학상권,동작구
신대방삼거리,서울 동작구 상도로 105,02-6085-0029,주거,동작구
중앙대,서울 동작구 흑석로 79,02-815-6429,대학상권,동작구
망원한강공원,서울 마포구 마포나루길 407,02-332-6612,업무지구,마포구
공덕역롯데캐슬,서울 마포구 마포대로 109 롯데캐슬프레지던트,02-713-7775,업무지구,마포구
애오개역,서울 마포구 마포대로 180,02-702-7672,업무지구,마포구
마포,서울 마포구 마포대로 53 마포트라팰리스,02-715-0080,업무지구,마포구
서강대,서울 마포구 백범로 21,02-711-7007,대학상권,마포구
합정역메세나폴리스,서울 마포구 양화로 45 메세나폴리스,02-384-9890,업무지구,마포구
홍대아트,서울 마포구 와우산로 117 102호,02-336-0522,대학상권,마포구
상수역,서울 마포구 와우산로 44,02-323-6934,업무지구,마포구
마포구청,서울 마포구 월드컵로 34길 7,02-307-6196,업무지구,마포구
망원역,서울 마포구 월드컵로 87 마포로얄프라자,02-338-9933,업무지구,마포구
상암,서울 마포구 월드컵북로 361 DMC 이안상암2단지,02-533-9464,업무지구,마포구
상암DMC푸르지오시티,서울 마포구 월드컵북로54길 25 상암DMC 푸르지오시티 103호,02-303-4566,업무지구,마포구
홍익대,서울 마포구 홍익로 3,02-324-6688,대학상권,마포구
명지대,서울 서대문구 거북골로 23,02-374-7300,대학상권,서대문구
신촌,서울 서대문구 신촌로 121 아남오피스텔,02-3147-1248,주거,서대문구
신촌로데오,서울 서대문구 연세로 23,02-322-9431,주거,서대문구
연희,서울 서대문구 연희로 93 연희오피스텔,02-333-0388,주거,서대문구
이대,서울 서대문구 이화여대길 34 1층,02-364-8870,대학상권,서대문구
충정로,서울 서대문구 충정로 23 풍산빌딩 지하 2층,02-393-8609,주거,서대문구
홍제,서울 서대문구 통일로 432-1,02-736-6535,주거,서대문구
신논현,서울 서초구 강남대로 499,02-544-1014,업무지구,서초구
논현역,서울 서초구 강남대로 535 프린스빌딩,02-512-1014,업무지구,서초구
양재역,서울 서초구 남부순환로 2606 1층,02-579-5227,업무지구,서초구
사당역,서울 서초구 동작대로 24,02-6941-0386,업무지구,서초구
양재하이브랜드,서울 서초구 매헌로 16 하이브랜드,02-2155-2090,업무지구,서초구
서초법원,서울 서초구 법원로1길 1,02-595-1718,업무지구,서초구
강남역GT타워,"서울 서초구 서초대로 411 GT타워 동관 1층 1호,2호,3호",02-3478-1014,업무지구,서초구
교대,서울 서초구 서초중앙로22길 47 문화빌딩 1층,02-581-0696,업무지구,서초구
서울고속터미널,서울 서초구 신반포로 194 본관지하10호,02-595-8900,업무지구,서초구
방배,서울 서초구 효령로 111 1층,02-896-6000,업무지구,서초구
신금호역,서울 성동구 금호로 173,02-2235-6392,업무지구,성동구
한양대,서울 성동구 마조로11,02-2299-3555,대학상권,성동구
성수역,서울 성동구 아차산로 113,02-497-2800,업무지구,성동구
서울숲,서울 성동구 왕십리로 108-1,02-499-2900,업무지구,성동구
왕십리역,서울 성동구 왕십리로 328,02-2295-1800,업무지구,성동구
상왕십리,서울 성동구 왕십리로 410 센트라스,02-2296-9898,업무지구,성동구
고려대,서울 성북구 고려대로 24길 20,02-926-1269,대학상권,성북구
길음뉴타운,서울 성북구 길음로 7길 6,02-918-7432,주거,성북구
장위뉴타운,서울 성북구 돌곶이로40길 46 꿈의숲 아이파크 717동 상가,02-941-0678,주거,성북구
한성대,서울 성북구 동소문로 10,02-744-4949,대학상권,성북구
정릉,서울 성북구 보국문로 40,02-6498-8889,주거,성북구
국민대학교,서울 성북구 정릉로 77 북악관,02-910-6895,대학상권,성북구
종암,서울 성북구 종암로 110,02-909-0501,주거,성북구
동덕여대,서울 성북구 화랑로13길 10,02-6404-2212,대학상권,성북구
방이역,서울 송파구 마천로 39,02-413-4292,주거,송파구
삼전역,서울 송파구 백제고분로 197 1층 101호,02-425-5141,주거,송파구
문정역,서울 송파구 법원로 114 현대엠스테이트 C동 119호,02-3012-1259,주거,송파구
석촌호수,서울 송파구 석촌호수로 298,02-424-0020,주거,송파구
송파역,서울 송파구 송파대로 374,02-420-2160,주거,송파구
석촌역,"서울 송파구 송파대로 438 106호, 107호",02-420-4320,주거,송파구
거여역,서울 송파구 오금로 525,02-408-3031,주거,송파구
잠실새내역,서울 송파구 올림픽로 130,02-425-5582,주거,송파구
잠실역,서울 송파구 올림픽로 293-19,02-2202-1300,주거,송파구
가락시장,서울 송파구 중대로 109 대동빌딩 1층,02-6285-6110,주거,송파구
문정법조,서울 송파구 충민로 5 송파한화오벨리스크,02-403-7344,주거,송파구
등촌역,서울 양천구 공항대로 552 101호,02-6053-2543,주거,양천구
양천구청,서울 양천구 목동서로 349 센트럴프라자,02-2652-2521,주거,양천구
목동역,서울 양천구 오목로 238 론드사옥 1층,02-2603-5368,주거,양천구
신정네거리역,서울 양천구 중앙로 265,02-2607-9979,주거,양천구
여의도화재보험,서울 영등포구 국제금융로 6길 38,02-6951-1118,업무지구,영등포구
여의도국회의사당,서울 영등포구 국회대로 70길 19,02-761-1003,업무지구,영등포구
여의도KBS 본관,서울 영등포구 국회대로62길 25 교육시설재난공제회관,02-782-1518,업무지구,영등포구
문래,서울 영등포구 선유로 70,02-2637-3002,업무지구,영등포구
대림삼거리,서울 영등포구 시흥대로 681 삼성YJ그랜드빌딩 신관동 1층,02-847-8255,업무지구,영등포구
선유도역,서울 영등포구 양평로 121,02-2632-1232,업무지구,영등포구
당산역,서울 영등포구 양평로 58,02-2636-1014,업무지구,영등포구
영등포,서울 영등포구 영중로 25,02-2635-5255,업무지구,영등포구
한남,서울 용산구 대사관로 63,02-790-2286,업무지구,용산구
이태원역,서울 용산구 이태원로 189,02-790-1014,업무지구,용산구
용산전자랜드,서울 용산구 청파로 74 전자랜드 본관 A동 104호,02-706-6227,업무지구,용산구
숙명여대,서울 용산구 청파로47길 42,02-702-2454,대학상권,용산구
남영역,서울 용산구 한강대로 271,02-706-5007,업무지구,용산구
용산역,서울 용산구 한강대로 69,02-790-2220,업무지구,용산구
서울역동자,서울 용산구 후암로 107 게이트웨이타워,02-777-8552,업무지구,용산구
구산역,서울 은평구 서오릉로 150,02-355-4650,주거,은평구
연신내,서울 은평구 연서로 215-1,02-352-1500,주거,은평구
응암,서울 은평구 은평로 108 101호,02-357-1479,주거,은평구
은평구청,서울 은평구 은평로 200-1,02-388-1479,주거,은평구
구파발역,서울 은평구 진관2로 29-21 드림스퀘어,02-3157-3167,주거,은평구
북촌,서울 종로구 계동길 5,02-747-4400,업무지구,종로구
대학로,서울 종로구 동숭길 101 현대엘리베이터,02-764-5656,대학상권,종로구
경복궁,서울 종로구 사직로 115,02-725-5926,업무지구,종로구
광화문,서울 종로구 새문안로 3길 19,02-723-7222,업무지구,종로구
성균관대,서울 종로구 성균관로 25-2 600주년기념관 지하 1층,02-3673-0102,대학상권,종로구
독립문,서울 종로구 송월길 155 경희궁자이4단지 상가 1층 4104-4106호,02-730-8255,업무지구,종로구
안국,서울 종로구 우정국로 69 동일빌딩(조계사 인근),02-735-9000,업무지구,종로구
종로5가,서울 종로구 종로 213-1,02-766-7537,업무지구,종로구
동대문역,서울 종로구 종로 263-1,02-747-9809,업무지구,종로구
종로,서울 종로구 종로 77 통일빌딩,02-737-0034,업무지구,종로구
성대,서울 종로구 창경궁로 234 동화빌딩,02-741-0677,대학상권,종로구
을지로입구,서울 중구 남대문로 112,02-730-8777,업무지구,중구
약수역,서울 중구 다산로 153,02-2256-9891,업무지구,중구
명동성당,서울 중구 명동길 74 명동성당 B118호,02-318-6202,업무지구,중구
정동,서울 중구 새문안로 30,02-737-0808,업무지구,중구
시청,서울 중구 세종대로 68 천일빌딩,02-777-9200,업무지구,중구
회현,서울 중구 소공로 35 남산롯데캐슬아이리스,02-3789-6467,업무지구,중구
을지로3가,서울 중구 을지로 103-1,02-2275-9890,업무지구,중구
동대문역사문화공원,서울 중구 장충단로 227-2,02-2269-2100,업무지구,중구
순화동라마다,서울 중구 칠패로 27 순화동 the# 주상복합,02-776-4518,업무지구,중구
충무로,서울 중구 퇴계로 197,010-5100-0476,업무지구,중구
신당역,서울 중구 퇴계로 388,02-2231-7088,업무지구,중구
묵동,서울 중랑구 동일로 952 로프트원 태릉입구역,02-978-3434,주거,중랑구
중랑역,서울 중랑구 망우로 203,02-437-7300,주거,중랑구
상봉역,서울 중랑구 망우로 316,02-432-2938,주거,중랑구
망우,서울 중랑구 용마산로115길 127 한일써너스빌리젠시1단지,02-432-9888,주거,중랑구